﻿tanggal,isu,tonality,berita_jakarta,link/page
12/1/2020,Wagub DKI Jakarta Positif Covid-19,NETRAL,Terkonfirmasi Positif COVID-19 Wagub Ariza Sampaikan Dalam Kondisi Baik,https://www.beritajakarta.id/read/85110/terkonfirmasi-positif-covid-19-wagub-ariza-sampaikan-dalam-kondisi-baik#.X8TAfaozbdc
12/1/2020,Wagub DKI Jakarta Positif Covid-19,NETRAL,Besok JIC Adakan Doa Bersama Virtual untuk Kesembuhan Gubernur dan Wagub,https://www.beritajakarta.id/read/85237/besok-jic-adakan-doa-bersama-virtual-untuk-kesembuhan-gubernur-dan-wagub#.X8jML6ozbdc
12/1/2020,Wagub DKI Jakarta Positif Covid-19,NETRAL,437 Orang Kontak Erat Gubernur dan Wagub Mengikuti Tes Usap PCR,https://www.beritajakarta.id/read/85214/437-orang-kontak-erat-gubernur-dan-wagub-mengikuti-tes-usap-pcr#.X8jLWKozbdc
12/2/2020,Gubernur DKI Jakarta Positif Covid-19,NETRAL,Gubernur Konfirmasi Positif COVID-19,https://www.beritajakarta.id/read/85154/gubernur-konfirmasi-positif-covid-19#.X8XppKozbdc
12/2/2020,Gubernur DKI Jakarta Positif Covid-19,NETRAL,Besok JIC Adakan Doa Bersama Virtual untuk Kesembuhan Gubernur dan Wagub,https://www.beritajakarta.id/read/85237/besok-jic-adakan-doa-bersama-virtual-untuk-kesembuhan-gubernur-dan-wagub#.X8jML6ozbdc
12/2/2020,Gubernur DKI Jakarta Positif Covid-19,NETRAL,437 Orang Kontak Erat Gubernur dan Wagub Mengikuti Tes Usap PCR,https://www.beritajakarta.id/read/85214/437-orang-kontak-erat-gubernur-dan-wagub-mengikuti-tes-usap-pcr#.X8jLWKozbdc
12/3/2020,Memimpin Jakarta Via Daring,NETRAL,Hadiri Rakerda BPN DKI Secara Virtual Gubernur Jelaskan Pentingnya Integrasi Data Administrasi Pertanahan,https://www.beritajakarta.id/read/85207/hadiri-rakerda-bpn-dki-secara-virtual-gubernur-jelaskan-pentingnya-integrasi-data-administrasi-pertanahan#.X8jKh6ozbdc
12/7/2020,Perpanjangan Status PSBB Transisi DKI Jakarta,NETRAL,Antisipasi Lonjakan Kasus Covid-19 Pemprov DKI Jakarta Perpanjang PSBB Masa Transisi Hingga 21 Desember,https://www.beritajakarta.id/read/85296/antisipasi-lonjakan-kasus-covid-19-pemprov-dki-jakarta-perpanjang-psbb-masa-transisi-hingga-21-desember#.X9BEQ-kzbdc
12/8/2020,Kebijakan Ganjil Genap di Masa PSBB Transisi,NETRAL,Sistem Ganjil Genap Masih Belum Diberlakukan,https://www.beritajakarta.id/read/85304/sistem-ganjil-genap-masih-belum-diberlakukan#.X9BEN-kzbdc
12/21/2020,Kasus Covid-19 Tinggi PSBB Transisi Jakarta Ditentukan Hari Ini,NETRAL,Antisipasi Lonjakan Kasus Akibat Libur Akhir Tahun Pemprov DKI Perpanjang Masa PSBB Transisi hingga 3 Januari 2021,https://www.beritajakarta.id/read/85603/antisipasi-lonjakan-kasus-akibat-libur-akhir-tahun-pemprov-dki-perpanjang-masa-psbb-transisi-hingga-3-januari-2021#.X-BHoOkzbUo
12/22/2020,PSBB Masa Transisi DKI Jakarta Diperpanjang,NETRAL,Antisipasi Lonjakan Kasus Akibat Libur Akhir Tahun Pemprov DKI Perpanjang Masa PSBB Transisi hingga 3 Januari 2021,https://www.beritajakarta.id/read/85603/antisipasi-lonjakan-kasus-akibat-libur-akhir-tahun-pemprov-dki-perpanjang-masa-psbb-transisi-hingga-3-januari-2021#.X-nc2ekzbdc
12/30/2020,Perayaan Tahun Baru 2021 di Ibu Kota Ditiadakan,NETRAL,Amankan Malam Tahun Baru Sudinhub Jaktim Kerahkan 230 Personel,https://www.beritajakarta.id/read/85750/amankan-malam-tahun-baru-sudinhub-jaktim-kerahkan-230-personel#.X-sKlekzbdc
12/30/2020,Perayaan Tahun Baru 2021 di Ibu Kota Ditiadakan,NETRAL,Warga Jaktim Diminta Tidak Berkerumun Saat Malam Pergantian Tahun,https://www.beritajakarta.id/read/85736/warga-jaktim-diminta-tidak-berkerumun-saat-malam-pergantian-tahun#.X-sNMOkzbdc
12/30/2020,Perayaan Tahun Baru 2021 di Ibu Kota Ditiadakan,NETRAL,2.000 Personel Dishub DKI Disiagakan Pada Liburan Tahun Baru,https://www.beritajakarta.id/read/85729/2000-personel-dishub-dki-disiagakan-pada-liburan-tahun-baru#.X-sNSOkzbdc
12/30/2020,Perayaan Tahun Baru 2021 di Ibu Kota Ditiadakan,NETRAL,350 Personel Gabungan Siap Amankan Perayaan Natal dan Tahun Baru di Cipayung,https://www.beritajakarta.id/read/85689/350-personel-gabungan-siap-amankan-perayaan-natal-dan-tahun-baru-di-cipayung#.X-sN0-kzbd
12/30/2020,Perayaan Tahun Baru 2021 di Ibu Kota Ditiadakan,NETRAL,1.680 Petugas Dinas LH DKI Disiagakan Saat Natal 2020,https://www.beritajakarta.id/read/85683/1680-petugas-dinas-lh-dki-disiagakan-saat-natal-2020#.X-sN2ukzbdc
12/30/2020,Perayaan Tahun Baru 2021 di Ibu Kota Ditiadakan,NETRAL,Usaha Pariwisata di Kepulauan Seribu Diminta Taati Kebijakan Operasional Libur Nataru,https://www.beritajakarta.id/read/85668/usaha-pariwisata-di-kepulauan-seribu-diminta-taati-kebijakan-operasional-libur-nataru#.X-sN8Okzbdc
12/30/2020,Perayaan Tahun Baru 2021 di Ibu Kota Ditiadakan,NETRAL,Ini Destinasi Wisata yang Ditutup Oleh Disbud DKI Saat Natal dan Tahun Baru 2021,https://www.beritajakarta.id/read/85662/ini-destinasi-wisata-yang-ditutup-oleh-disbud-dki-saat-natal-dan-tahun-baru-2021#.X-sN9-kzbdc
12/30/2020,Perayaan Tahun Baru 2021 di Ibu Kota Ditiadakan,NETRAL,Ancol Tutup Saat Libur Natal dan Tahun Baru,https://www.beritajakarta.id/read/85631/ancol-tutup-saat-libur-natal-dan-tahun-baru#.X-sOIOkzbdc
12/30/2020,Perayaan Tahun Baru 2021 di Ibu Kota Ditiadakan,NETRAL,Pemkot Jaksel Bakal Antisipasi Kerumunan Saat Libur Nataru,https://www.beritajakarta.id/read/85623/pemkot-jaksel-bakal-antisipasi-kerumunan-saat-libur-nataru#.X-sOKekzbdc
12/30/2020,Perayaan Tahun Baru 2021 di Ibu Kota Ditiadakan,NETRAL,Wagub Imbau Warga Tetap di Rumah Selama Libur Natal dan Tahun Baru,https://www.beritajakarta.id/read/85613/wagub-imbau-warga-tetap-di-rumah-selama-libur-natal-dan-tahun-baru#.X-sOPOkzbdc
12/30/2020,Perayaan Tahun Baru 2021 di Ibu Kota Ditiadakan,NETRAL,1.500 Personel Gabungan Siap Amankan Perayaan Natal dan Tahun Baru di Jaktim,https://www.beritajakarta.id/read/85606/1500-personel-gabungan-siap-amankan-perayaan-natal-dan-tahun-baru-di-jaktim#.X-sOP-kzbdc
11/2/2020,UMP DKI Jakarta 2021 Naik 3.27 Persen,NETRAL,Mayoritas Usaha Terdampak Covid-19 Pemprov DKI Tetapkan Kebijakan Asimetris Untuk UMP 2021,https://www.beritajakarta.id/read/84337/mayoritas-usaha-terdampak-covid-19-pemprov-dki-tetapkan-kebijakan-asimetris-untuk-ump-2021#.X57XvFMzbdc
11/3/2020,Pemprov DKI Susun Kriteria Perusahaan yang Tak Harus Naikkan UMP 2021,NETRAL,80 Pelaku Usaha Perhotelan Usulkan Penyesuaian UMP untuk 2021,https://www.beritajakarta.id/read/84459/80-pelaku-usaha-perhotelan-usulkan-penyesuaian-ump-untuk-2021#.X6N3fZMzbUo
11/4/2020,Keputusan Menaikan UMP 2021 Dikritik ,NEGATIF,80 Pelaku Usaha Perhotelan Usulkan Penyesuaian UMP untuk 2021,https://www.beritajakarta.id/read/84459/80-pelaku-usaha-perhotelan-usulkan-penyesuaian-ump-untuk-2021#.X6N3fZMzbUo
11/4/2020,Memantau Perkembangan Kasus COVID-19 Pascalibur Panjang,NETRAL,Pengurus RT dan RW di Jakpus Diminta Data Kesehatan Warga,https://www.beritajakarta.id/read/84407/pengurus-rt-dan-rw-di-jakpus-diminta-data-kesehatan-warga#.X6IZE5MzbUo
11/5/2020,Kesigapan Pemprov DKI Menghadapi Banjir di Tengah Pandemi Tahun 2020,NETRAL,Revitalisasi Tujuh Saluran di Koja Ditarget Rampung Desember,https://www.beritajakarta.id/read/84406/revitalisasi-tujuh-saluran-di-koja-ditarget-rampung-desember#.X6N4FpMzbUo
11/5/2020,Kesigapan Pemprov DKI Menghadapi Banjir di Tengah Pandemi Tahun 2020,NETRAL,765 Karung Lumpur Diangkut dari Matraman,https://www.beritajakarta.id/read/84398/765-karung-lumpur-diangkut-dari-matraman#.X6N4U5MzbUo
11/5/2020,Kesigapan Pemprov DKI Menghadapi Banjir di Tengah Pandemi Tahun 2020,NETRAL,Saluran Air Jalan Sawah Lio Tambora Dikuras Petugas,https://www.beritajakarta.id/read/84400/saluran-air-jalan-sawah-lio-tambora-dikuras-petugas#.X6N4WJMzbUo
11/5/2020,Kesigapan Pemprov DKI Menghadapi Banjir di Tengah Pandemi Tahun 2020,NETRAL,Sudin SDA Jaktim Normalisasi Kali Tambun Rengas,https://www.beritajakarta.id/read/84396/sudin-sda-jaktim-normalisasi-kali-tambun-rengas#.X6N4XpMzbUo
11/5/2020,Kesigapan Pemprov DKI Menghadapi Banjir di Tengah Pandemi Tahun 2020,NETRAL,Wakil Wali Kota Jaktim Tinjau Kali Cipinang,https://www.beritajakarta.id/read/84371/wakil-wali-kota-jaktim-tinjau-kali-cipinang#.X6N4hZMzbUo
11/5/2020,Kesigapan Pemprov DKI Menghadapi Banjir di Tengah Pandemi Tahun 2020,NETRAL,Genangan di Dua Ruas Jalan Jakarta Telah Surut,https://www.beritajakarta.id/read/84456/genangan-di-dua-ruas-jalan-jakarta-telah-surut#.X6N3hJMzbUo
11/5/2020,Kesigapan Pemprov DKI Menghadapi Banjir di Tengah Pandemi Tahun 2020,NETRAL,Kecamatan Kepulauan Seribu Utara Dirikan Posko Siaga Bencana,https://www.beritajakarta.id/read/84460/kecamatan-kepulauan-seribu-utara-dirikan-posko-siaga-bencana#.X6N3jZMzbUo
11/5/2020,Kesigapan Pemprov DKI Menghadapi Banjir di Tengah Pandemi Tahun 2020,NETRAL,Sudin SDA Jakpus Perbaiki Turap dan Kuras Saluran di Jalan Bungur,https://www.beritajakarta.id/read/84432/sudin-sda-jakpus-perbaiki-turap-dan-kuras-saluran-di-jalan-bungur#.X6N3yJMzbUo
11/5/2020,Kesigapan Pemprov DKI Menghadapi Banjir di Tengah Pandemi Tahun 2020,NETRAL,Lumpur Waduk Rawa Lindung Dikeruk,https://www.beritajakarta.id/read/84433/lumpur-waduk-rawa-lindung-dikeruk#.X6N3ypMzbUo
11/5/2020,Kesigapan Pemprov DKI Menghadapi Banjir di Tengah Pandemi Tahun 2020,NETRAL,Saluran Mikro di Kelurahan Cengkareng Barat Rutin Dibersihkan,https://www.beritajakarta.id/read/84426/saluran-mikro-di-kelurahan-cengkareng-barat-rutin-dibersihkan#.X6N3z5MzbUo
11/5/2020,Kesigapan Pemprov DKI Menghadapi Banjir di Tengah Pandemi Tahun 2020,NETRAL,Apel Kesiapsiagaan Menghadapi Musim Hujan Anies Tekankan Protokol Kesehatan Dalam Penyelamatan Masyarakat,https://www.beritajakarta.id/read/84430/apel-kesiapsiagaan-menghadapi-musim-hujan-anies-tekankan-protokol-kesehatan-dalam-penyelamatan-masyarakat#.X6N305MzbUo
11/6/2020,Target Gubernur Anies Banjir Surut dalam Enam Jam,NETRAL,Sudinsos Jaktim Gelar Simulasi Evakuasi Korban Banjir,https://www.beritajakarta.id/read/84577/sudinsos-jaktim-gelar-simulasi-evakuasi-korban-banjir#.X6oAfZMzbUo
11/6/2020,Target Gubernur Anies Banjir Surut dalam Enam Jam,NETRAL,Kerja Bakti di Sunter Agung Angkut 200 Karung Lumpur,https://www.beritajakarta.id/read/84547/kerja-bakti-di-sunter-agung-angkut-200-karung-lumpur#.X6oAnZMzbUo
11/6/2020,Target Gubernur Anies Banjir Surut dalam Enam Jam,NETRAL,256 Titik Saluran di Grogol Petamburan Telah Dibersihkan,https://www.beritajakarta.id/read/84565/256-titik-saluran-di-grogol-petamburan-telah-dibersihkan#.X6oAoJMzbUo
11/6/2020,Target Gubernur Anies Banjir Surut dalam Enam Jam,NETRAL,Jumlah RT yang Tergenang di Jaksel Berkurang Signifikan,https://www.beritajakarta.id/read/84543/jumlah-rt-yang-tergenang-di-jaksel-berkurang-signifikan#.X6oA35MzbUo
11/6/2020,Target Gubernur Anies Banjir Surut dalam Enam Jam,NETRAL,Warga Diminta Aktif Bersihkan Sampah di Saluran Air,https://www.beritajakarta.id/read/84534/warga-diminta-aktif-bersihkan-sampah-di-saluran-air#.X6oA7ZMzbUo
11/6/2020,Target Gubernur Anies Banjir Surut dalam Enam Jam,NETRAL,Marullah Cek Kesiapan Alkal Sudin SDA Jaksel,https://www.beritajakarta.id/read/84511/marullah-cek-kesiapan-alkal-sudin-sda-jaksel#.X6oBIZMzbUo
11/6/2020,Target Gubernur Anies Banjir Surut dalam Enam Jam,NETRAL,Pemkot Jakbar Terus Melakukan Antisipasi Genangan,https://www.beritajakarta.id/read/84495/pemkot-jakbar-terus-melakukan-antisipasi-genangan#.X6oBVJMzbUo
11/6/2020,Target Gubernur Anies Banjir Surut dalam Enam Jam,NETRAL,Peninggian Tanggul Kali Ciliwung di Kenari Dikebut,https://www.beritajakarta.id/read/84501/peninggian-tanggul-kali-ciliwung-di-kenari-dikebut#.X6oBWZMzbUo
11/6/2020,Target Gubernur Anies Banjir Surut dalam Enam Jam,NETRAL,Walkot Jaksel Monitor Pengerukan Embung di Kemang Selatan XII,https://www.beritajakarta.id/read/84504/walkot-jaksel-monitor-pengerukan-embung-di-kemang-selatan-xii#.X6oBW5MzbUo
11/6/2020,Target Gubernur Anies Banjir Surut dalam Enam Jam,NETRAL,Saluran Air di Kecamatan Tambora Rutin Dibersihkan,https://www.beritajakarta.id/read/84505/saluran-air-di-kecamatan-tambora-rutin-dibersihkan#.X6oBXZMzbUo
11/6/2020,Target Gubernur Anies Banjir Surut dalam Enam Jam,NETRAL,Dinas SDA Lakukan Perawatan 10 Alat Pengukur Curah Hujan,https://www.beritajakarta.id/read/84489/dinas-sda-lakukan-perawatan-10-alat-pengukur-curah-hujan#.X6oEF5MzbUp
11/6/2020,Target Gubernur Anies Banjir Surut dalam Enam Jam,NETRAL,Rumah Pompa di Cengkareng Rutin Dicek,https://www.beritajakarta.id/read/84481/rumah-pompa-di-cengkareng-rutin-dicek#.X6oBeZMzbUo
11/6/2020,Target Gubernur Anies Banjir Surut dalam Enam Jam,NETRAL,Satgas SDA Monitoring Saluran Penghubung di Jalan DI Panjaitan,https://www.beritajakarta.id/read/84462/satgas-sda-monitoring-saluran-penghubung-di-jalan-di-panjaitan#.X6oBrZMzbUo
11/10/2020,Uji Coba Underpass Senen Extension,NETRAL,Underpass Senen Extension Diuji Coba Hingga Besok,https://www.beritajakarta.id/read/84554/underpass-senen-extension-diuji-coba-hingga-besok#.X6oA0ZMzbUo
11/10/2020,PSBB Transisi Kembali Diperpanjang ,NETRAL,Tingkatkan Perilaku 3M Pemprov DKI Perpanjang PSBB Masa Transisi Hingga 22 November,https://www.beritajakarta.id/read/84540/tingkatkan-perilaku-3m-pemprov-dki-perpanjang-psbb-masa-transisi-hingga-22-november#.X6oA6JMzbUo
11/23/2020,Menunggu Putusan PSBB Ibu Kota,NETRAL ,Tingkatkan Pengawasan Perilaku 3M Pemprov DKI Jakarta Perpanjang PSBB Masa Transisi Hingga 6 Desember,https://www.beritajakarta.id/read/84923/tingkatkan-pengawasan-perilaku-3m-pemprov-dki-jakarta-perpanjang-psbb-masa-transisi-hingga-6-desember#.X736Q6ozbdc
11/24/2020,Penundaan Aturan Ganjil Genap,NETRAL,Sistem Ganjil Genap Belum Berlaku Selama PSBB Transisi,https://www.beritajakarta.id/read/84947/sistem-ganjil-genap-belum-berlaku-selama-psbb-transisi#.X736E6ozbdc
11/25/2020,Menerapkan Protokol Kesehatan di Petamburan,NETRAL,Layanan Tatap Muka di Kantor Kelurahan Petamburan Ditiadakan Sementara Waktu,https://www.beritajakarta.id/read/84864/layanan-tatap-muka-di-kantor-kelurahan-petamburan-ditiadakan-sementara-waktu#.X736tKozbdc
11/25/2020,Menerapkan Protokol Kesehatan di Petamburan,NETRAL,15 Pegawai di Kantor Kelurahan Petamburan Sudah Dites Usap,https://www.beritajakarta.id/read/84865/15-pegawai-di-kantor-kelurahan-petamburan-sudah-dites-usap#.X736oKozbdc
11/25/2020,Kenaikan Kasus COVID-19 di Jakarta,NETRAL,16 Pelanggar Tertib Masker di Jalan Petojo Enclek Ditindak,https://www.beritajakarta.id/read/84875/16-pelanggar-tertib-masker-di-jalan-petojo-enclek-ditindak#.X736kaozbdc
11/25/2020,Kenaikan Kasus COVID-19 di Jakarta,NETRAL,Enam Warga di Kebayoran Lama Terjaring Operasi Tibmask,https://www.beritajakarta.id/read/84872/enam-warga-di-kebayoran-lama-terjaring-operasi-tibmask#.X736jaozbdc
11/25/2020,Kenaikan Kasus COVID-19 di Jakarta,NETRAL,25 Pelanggar di Tanah Sereal Terjaring Operasi Tibmask,https://www.beritajakarta.id/read/84968/25-pelanggar-di-tanah-sereal-terjaring-operasi-tibmask#.X73-KqozbUp
11/25/2020,Kenaikan Kasus COVID-19 di Jakarta,NETRAL,Percepat Respons Dinkes DKI Siagakan Ambulans di Lokasi Strategis,https://www.beritajakarta.id/read/84991/percepat-respons-dinkes-dki-siagakan-ambulans-di-lokasi-strategis#.X735V6ozbdc
11/30/2020,Polemik Kenaikan Anggaran Kegiatan DPRD DKI Jakarta,NEGATIF,Pemprov DKI Prioritaskan Penanganan Pandemi COVID-19 dalam Raperda APBD 2021,https://www.beritajakarta.id/read/85034/pemprov-dki-prioritaskan-penanganan-pandemi-covid-19-dalam-raperda-apbd-2021#.X8TBCqozbdc
10/1/2020,Okupansi Tempat Tidur dan ICU Pasien Covid – 19 Jakarta,NETRAL,Pantau Penanganan Pasien COVID-19 Wagub Tinjau RSUD Pasar Minggu dan Wisma Atlet,https://www.beritajakarta.id/read/83472/pantau-penanganan-pasien-covid-19-wagub-tinjau-rsud-pasar-minggu-dan-wisma-atlet#.X3sRl5MzbUo
10/1/2020,Okupansi Tempat Tidur dan ICU Pasien Covid – 19 Jakarta,NETRAL,Graha Wisata TMII Disiapkan untuk Isolasi Pasien COVID-19,https://www.beritajakarta.id/read/83376/graha-wisata-tmii-disiapkan-untuk-isolasi-pasien-covid-19#.X3Va2ZMzbdc
10/5/2020,Tiga Pekan Operasi Yustisi di Jakarta,NETRAL,Langgar PSBB Satu Rumah Makan di Rawamangun Disanksi,https://www.beritajakarta.id/read/83416/langgar-psbb-satu-rumah-makan-di-rawamangun-disanksi#.X3sSBZMzbUo
10/5/2020,Tiga Pekan Operasi Yustisi di Jakarta,NETRAL,631 Resto dan Kafe Ditindak Satpol PP DKI Selama PSBB,https://www.beritajakarta.id/read/83450/631-resto-dan-kafe-ditindak-satpol-pp-dki-selama-psbb#.X3sR0pMzbUo
10/5/2020,Tiga Pekan Operasi Yustisi di Jakarta,NETRAL,Langgar PSBB 67 Angkutan Umum di Jaksel Ditertibkan,https://www.beritajakarta.id/read/83445/langgar-psbb-67-angkutan-umum-di-jaksel-ditertibkan#.X3sRt5MzbUo
10/6/2020,Kelanjutan Pembangunan Dermaga Kali Adem,NETRAL,Dukung Peningkatan Pelayanan Masyarakat Pesisir Wagub Ariza Tinjau Pembangunan Pelabuhan Kali Adem,https://www.beritajakarta.id/read/83482/dukung-peningkatan-pelayanan-masyarakat-pesisir-wagub-ariza-tinjau-pembangunan-pelabuhan-kali-adem#.X3sRVJMzbUo
10/6/2020,Laporan Titik Genangan dan Pengendalian Banjir,NETRAL,Saluran Air di Pulau Tidung Dinormalisasi,https://www.beritajakarta.id/read/83398/saluran-air-di-pulau-tidung-dinormalisasi#.X3sSX5MzbUo
10/6/2020,Laporan Titik Genangan dan Pengendalian Banjir,NETRAL,Satgas Gabungan Bersihkan Saluran Penghubung Gongseng,https://www.beritajakarta.id/read/83402/satgas-gabungan-bersihkan-saluran-penghubung-gongseng#.X3sSVJMzbUo
10/6/2020,Laporan Titik Genangan dan Pengendalian Banjir,NETRAL,Kelurahan Kayu Putih Siapkan Posko Penanggulangan Bencana,https://www.beritajakarta.id/read/83404/kelurahan-kayu-putih-siapkan-posko-penanggulangan-bencana#.X3sSU5MzbUo
10/6/2020,Laporan Titik Genangan dan Pengendalian Banjir,NETRAL,Sudin Bina Marga Jakpus Fokus Antisipasi Genangan di Jalan,https://www.beritajakarta.id/read/83407/sudin-bina-marga-jakpus-fokus-antisipasi-genangan-di-jalan#.X3sST5MzbUo
10/6/2020,Laporan Titik Genangan dan Pengendalian Banjir,NETRAL,Saluran Air Mikro di Kelurahan Kedoya Utara Dibersihkan,https://www.beritajakarta.id/read/83408/saluran-air-mikro-di-kelurahan-kedoya-utara-dibersihkan#.X3sSQpMzbUo
10/6/2020,Laporan Titik Genangan dan Pengendalian Banjir,NETRAL,Warga dan Aparatur Kecamatan Cilandak Kerja Bakti Bersihkan Saluran Air,https://www.beritajakarta.id/read/83424/warga-dan-aparatur-kecamatan-cilandak-kerja-bakti-bersihkan-saluran-air#.X3sSFJMzbUo
10/6/2020,Laporan Titik Genangan dan Pengendalian Banjir,NETRAL,550 Personel Gabungan Grebek Lumpur di Waduk Pluit,https://www.beritajakarta.id/read/83436/550-personel-gabungan-grebek-lumpur-di-waduk-pluit#.X3sSCpMzbUo
10/6/2020,Laporan Titik Genangan dan Pengendalian Banjir,NETRAL,60 Kilogram Sampah Diangkut dari Tugu Selatan,https://www.beritajakarta.id/read/83446/60-kilogram-sampah-diangkut-dari-tugu-selatan#.X3sR3JMzbUo
10/6/2020,Laporan Titik Genangan dan Pengendalian Banjir,NETRAL,Sudin SDA Jakbar Kuras Saluran Air Slipi,https://www.beritajakarta.id/read/83452/sudin-sda-jakbar-kuras-saluran-air-slipi#.X3sR2pMzbUo
10/6/2020,Laporan Titik Genangan dan Pengendalian Banjir,NETRAL,Pemkot Jakpus Evaluasi Penanggulangan Banjir,https://www.beritajakarta.id/read/83444/pemkot-jakpus-evaluasi-penanggulangan-banjir#.X3sRvZMzbUo
10/6/2020,Laporan Titik Genangan dan Pengendalian Banjir,NETRAL,Sudin Sosial Jaksel Siagakan 50 Taruna Siaga Bencana,https://www.beritajakarta.id/read/83440/sudin-sosial-jaksel-siagakan-50-taruna-siaga-bencana#.X3sRu5MzbUo
10/6/2020,Laporan Titik Genangan dan Pengendalian Banjir,NETRAL,Petugas PPSU Bersihkan Sampah Sisa Banjir di Petogogan,https://www.beritajakarta.id/read/83464/petugas-ppsu-bersihkan-sampah-sisa-banjir-di-petogogan#.X3sRopMzbUo
10/6/2020,Laporan Titik Genangan dan Pengendalian Banjir,NETRAL,Pembuatan Tiga Sumur Resapan di Pulau Untung Jawa Rampung,https://www.beritajakarta.id/read/83465/pembuatan-tiga-sumur-resapan-di-pulau-untung-jawa-rampung#.X3sRoJMzbUo
10/6/2020,Laporan Titik Genangan dan Pengendalian Banjir,NETRAL,Ratusan Petugas Gabungan Bersihkan Saluran Air Cilangkap,https://www.beritajakarta.id/read/83475/ratusan-petugas-gabungan-bersihkan-saluran-air-cilangkap#.X3sRk5MzbUo
10/6/2020,Laporan Titik Genangan dan Pengendalian Banjir,NETRAL,600 Karung Lumpur Diangkut dari Saluran Penghubung Kedoya Utara,https://www.beritajakarta.id/read/83477/600-karung-lumpur-diangkut-dari-saluran-penghubung-kedoya-utara#.X3sRgZMzbUo
10/6/2020,Laporan Titik Genangan dan Pengendalian Banjir,NETRAL,100 Personel Gabungan Gerebek Lumpur di Cilincing,https://www.beritajakarta.id/read/83478/100-personel-gabungan-gerebek-lumpur-di-cilincing#.X3sRf5MzbUo
10/6/2020,Laporan Titik Genangan dan Pengendalian Banjir,NETRAL,Satgas SDA Jatinegara Selesaikan Pembangunan Dua Sumur Resapan,https://www.beritajakarta.id/read/83479/satgas-sda-jatinegara-selesaikan-pembangunan-dua-sumur-resapan#.X3sRXZMzbUo
10/6/2020,Laporan Titik Genangan dan Pengendalian Banjir,NETRAL,Pastikan Pengendalian Banjir Berjalan Maksimal Wagub Ariza Tinjau Pengerjaan Saluran di Kali Pasar Baru,https://www.beritajakarta.id/read/83481/pastikan-pengendalian-banjir-berjalan-maksimal-wagub-ariza-tinjau-pengerjaan-saluran-di-kali-pasar-baru#.X3sRWJMzbUo
10/6/2020,Laporan Titik Genangan dan Pengendalian Banjir,NETRAL,Satgas SDA Disiagakan di Lokasi Rawan Genangan,https://www.beritajakarta.id/read/83485/satgas-sda-disiagakan-di-lokasi-rawan-genangan#.X3sRUZMzbUo
10/6/2020,Laporan Titik Genangan dan Pengendalian Banjir,NETRAL,Personel Gabungan Atasi Genangan di Kelurahan Rambutan,https://www.beritajakarta.id/read/83486/personel-gabungan-atasi-genangan-di-kelurahan-rambutan#.X3sRTpMzbUo
10/6/2020,Laporan Titik Genangan dan Pengendalian Banjir,NETRAL,Satgas SDA Jaktim Evakuasi Warga Terdampak Banjir,https://www.beritajakarta.id/read/83489/satgas-sda-jaktim-evakuasi-warga-terdampak-banjir#.X3sRTJMzbUo
10/6/2020,Laporan Titik Genangan dan Pengendalian Banjir,NETRAL,BPBD DKI Telah Bangun Dua Posko Pengungsian di Jaksel,https://www.beritajakarta.id/read/83490/bpbd-dki-telah-bangun-dua-posko-pengungsian-di-jaksel#.X3sRRpMzbUo
10/6/2020,Laporan Titik Genangan dan Pengendalian Banjir,NETRAL,Sudin Gulkarmat Cilandak Evakuasi 12 Warga Terdampak Banjir,https://www.beritajakarta.id/read/83494/sudin-gulkarmat-cilandak-evakuasi-12-warga-terdampak-banjir#.X3sRRJMzbUo
10/6/2020,Laporan Titik Genangan dan Pengendalian Banjir,NETRAL,Petugas PPSU Bersihkan Lumpur Sisa Genangan di Rambutan,https://www.beritajakarta.id/read/83493/petugas-ppsu-bersihkan-lumpur-sisa-genangan-di-rambutan#.X3sRQpMzbUo
10/6/2020,Laporan Titik Genangan dan Pengendalian Banjir,NETRAL,Kali Krukut Meluap 30 Warga Cilandak Timur Mengungsi,https://www.beritajakarta.id/read/83491/kali-krukut-meluap-30-warga-cilandak-timur-mengungsi#.X3sRQJMzbUo
10/6/2020,Laporan Titik Genangan dan Pengendalian Banjir,NETRAL,40 Petugas PPSU Pejaten Timur Bersihkan Sampah dan Lumpur Sisa Banjir,https://www.beritajakarta.id/read/83496/40-petugas-ppsu-pejaten-timur-bersihkan-sampah-dan-lumpur-sisa-banjir#.X3sRPZMzbUo
10/6/2020,Laporan Titik Genangan dan Pengendalian Banjir,NETRAL,Ini yang Dilakukan PT MRT untuk Antisipasi Genangan,https://www.beritajakarta.id/read/83492/ini-yang-dilakukan-pt-mrt-untuk-antisipasi-genangan#.X3sROZMzbUo
10/6/2020,Laporan Titik Genangan dan Pengendalian Banjir,NETRAL,Saluran Mikro di Srengseng Dibersihkan,https://www.beritajakarta.id/read/83498/saluran-mikro-di-srengseng-dibersihkan#.X3sRG5MzbUo
10/6/2020,Laporan Titik Genangan dan Pengendalian Banjir,NETRAL,Sebagian Besar Pengungsi di Jaksel Telah Kembali ke Rumah,https://www.beritajakarta.id/read/83506/sebagian-besar-pengungsi-di-jaksel-telah-kembali-ke-rumah#.X3sRGZMzbUo
10/6/2020,Laporan Titik Genangan dan Pengendalian Banjir,NETRAL,Dinas LH Angkut 511 Meter Kubik Sampah dari Aliran Sungai Ciliwung,https://www.beritajakarta.id/read/83504/dinas-lh-angkut-511-meter-kubik-sampah-dari-aliran-sungai-ciliwung#.X3sRD5MzbU
10/6/2020,Laporan Titik Genangan dan Pengendalian Banjir,NETRAL,Banjir di Wilayah Rawajati Surut Total,https://www.beritajakarta.id/read/83507/banjir-di-wilayah-rawajati-surut-total#.X3sRB5MzbUo
10/6/2020,Laporan Titik Genangan dan Pengendalian Banjir,NETRAL,Update! Titik Genangan di Jakarta Berkurang Signifikan,https://www.beritajakarta.id/read/83521/update-titik-genangan-di-jakarta-berkurang-signifikan#.X3sRAZMzbUo
10/6/2020,Laporan Titik Genangan dan Pengendalian Banjir,NETRAL,Genangan di Wilayah Jaktim Telah Surut Seluruhnya,https://www.beritajakarta.id/read/83532/genangan-di-wilayah-jaktim-telah-surut-seluruhnya#.X3sQ95MzbUo
10/6/2020,Laporan Titik Genangan dan Pengendalian Banjir,NETRAL,20 PPSU Kelapa Gading Barat Disiagakan Selama Musim Penghujan,https://www.beritajakarta.id/read/83517/20-ppsu-kelapa-gading-barat-disiagakan-selama-musim-penghujan#.X3sQ9JMzbUo
10/6/2020,Laporan Titik Genangan dan Pengendalian Banjir,NETRAL,Sampah Sisa Genangan di Jl Panjang Dibersihkan,https://www.beritajakarta.id/read/83512/sampah-sisa-genangan-di-jl-panjang-dibersihkan#.X3sQ1JMzbUo
10/6/2020,Laporan Titik Genangan dan Pengendalian Banjir,NETRAL,Sudin SDA Jaksel Tangani 21 Titik Genangan,https://www.beritajakarta.id/read/83522/sudin-sda-jaksel-tangani-21-titik-genangan#.X3sQy5MzbUo
10/8/2020,Kasus Positiv COVID-19 di Gedung DPR RI,NETRAL,Lift Gedung DPRD Gunakan Sensor Cegah Penularan COVID-19,https://www.beritajakarta.id/read/83744/lift-gedung-dprd-gunakan-sensor-cegah-penularan-covid-19#.X4UKD3gzbdc
10/9/2020,Perkembangan Perumusan Raperda COVID-19,NETRAL,Bapemperda Rampungkan Pembahasan Raperda Penanggulangan COVID-19,https://www.beritajakarta.id/read/83784/bapemperda-rampungkan-pembahasan-raperda-penanggulangan-covid-19#.X4UJjngzbdc
10/12/2020,Banjir Disertai Longsor Melanda Jakarta,NETRAL,Puluhan Petugas Tangani Tanah Longsor di Ciganjur,https://www.beritajakarta.id/read/83712/puluhan-petugas-tangani-tanah-longsor-di-ciganjur#.X4UKiXgzbdc
10/12/2020,Banjir Disertai Longsor Melanda Jakarta,NETRAL,Petugas Gabungan Evakuasi Warga Terdampak Banjir dan Longsor di Ciganjur,https://www.beritajakarta.id/read/83715/petugas-gabungan-evakuasi-warga-terdampak-banjir-dan-longsor-di-ciganjur#.X4UKgngzbdc
10/12/2020,Banjir Disertai Longsor Melanda Jakarta,NETRAL,194 Jiwa Terdampak Banjir Ciganjur Ditampung di Tiga Titik Pengungsian,https://www.beritajakarta.id/read/83722/194-jiwa-terdampak-banjir-ciganjur-ditampung-di-tiga-titik-pengungsian#.X4UKVngzbdc
10/12/2020,Banjir Disertai Longsor Melanda Jakarta,NETRAL,Banjir di Ciganjur Mulai Surut,https://www.beritajakarta.id/read/83724/banjir-di-ciganjur-mulai-surut#.X4UKVHgzbdc
10/12/2020,Banjir Disertai Longsor Melanda Jakarta,NETRAL,Wakil Walkot Jaksel Cek Penanganan Longsor dan Banjir di Ciganjur,https://www.beritajakarta.id/read/83719/wakil-walkot-jaksel-cek-penanganan-longsor-dan-banjir-di-ciganjur#.X4UKUXgzbd
10/12/2020,Banjir Disertai Longsor Melanda Jakarta,NETRAL,50 Petugas UPK Badan Air Tangani Sampah di Lokasi Tanah Longsor Ciganjur,https://www.beritajakarta.id/read/83726/50-petugas-upk-badan-air-tangani-sampah-di-lokasi-tanah-longsor-ciganjur#.X4UKTngzbdc
10/12/2020,Banjir Disertai Longsor Melanda Jakarta,NETRAL,Keruk Tanah Longsor Sudin SDA Jaksel Kerahkan Dua Alat Berat,https://www.beritajakarta.id/read/83725/keruk-tanah-longsor-sudin-sda-jaksel-kerahkan-dua-alat-berat#.X4UKS3gzbd
10/12/2020,Banjir Disertai Longsor Melanda Jakarta,NETRAL,Bantu Benahi Banjir Sudin LH Jaksel Kerahkan 20 Personel,https://www.beritajakarta.id/read/83730/bantu-benahi-banjir-sudin-lh-jaksel-kerahkan-20-personel#.X4UKQXgzbdc
10/12/2020,Banjir Disertai Longsor Melanda Jakarta,NETRAL,Dinas SDA Tambah Personel Angkut Puing Longsor di Ciganjur,https://www.beritajakarta.id/read/83732/dinas-sda-tambah-personel-angkut-puing-longsor-di-ciganjur#.X4UKOHgzbdc
10/12/2020,Banjir Disertai Longsor Melanda Jakarta,NETRAL,PMI Jakarta Serahkan Bantuan ke Warga Terdampak Banjir di Ciganjur,https://www.beritajakarta.id/read/83733/pmi-jakarta-serahkan-bantuan-ke-warga-terdampak-banjir-di-ciganjur#.X4UKM3gzbdc
10/12/2020,Banjir Disertai Longsor Melanda Jakarta,NETRAL,Tinjau Lokasi Longsor Ciganjur Wagub Pastikan Penanganan Dampak Banjir Berjalan Baik,https://www.beritajakarta.id/read/83736/tinjau-lokasi-longsor-ciganjur-wagub-pastikan-penanganan-dampak-banjir-berjalan-baik#.X4UKJ3gzbdc
10/12/2020,Banjir Disertai Longsor Melanda Jakarta,NETRAL,23 Rumah Pompa di Jakpus Siap Antisipasi Genangan,https://www.beritajakarta.id/read/83765/23-rumah-pompa-di-jakpus-siap-antisipasi-genangan#.X4UJtXgzbdc
10/12/2020,Banjir Disertai Longsor Melanda Jakarta,NETRAL,PMI Jaksel Siapkan 500 Nasi Kotak untuk Pengungsi Banjir Ciganjur,https://www.beritajakarta.id/read/83774/pmi-jaksel-siapkan-500-nasi-kotak-untuk-pengungsi-banjir-ciganjur#.X4UJg3gzbdc
10/12/2020,Kembalinya Ibu Kota ke Masa PSBB Transisi,NETRAL,Kasus Covid 19 Melandai Jakarta Kembali ke PSBB Transisi,https://www.beritajakarta.id/read/83728/kasus-covid-19-melandai-jakarta-kembali-ke-psbb-transisi#.X4UKSXgzbdc
10/12/2020,Kembalinya Ibu Kota ke Masa PSBB Transisi,NETRAL,Pemprov DKI Tegaskan Tidak Ada Rencana Pembelajaran Tatap Muka di Sekolah Pada PSBB Transisi,https://www.beritajakarta.id/read/83735/pemprov-dki-tegaskan-tidak-ada-rencana-pembelajaran-tatap-muka-di-sekolah-pada-psbb-transisi#.X4UKI3gzbdc
10/12/2020,Kembalinya Ibu Kota ke Masa PSBB Transisi,NETRAL,Kawasan Wisata Ancol Kembali Dibuka,https://www.beritajakarta.id/read/83752/kawasan-wisata-ancol-kembali-dibuka#.X4UJ5ngzbdc
10/12/2020,Kembalinya Ibu Kota ke Masa PSBB Transisi,NETRAL,Layanan Transportasi Laut Menyesuaikan Kebijakan PSBB Transisi,https://www.beritajakarta.id/read/83751/layanan-transportasi-laut-menyesuaikan-kebijakan-psbb-transisi#.X4UJzngzbdc
10/12/2020,Kembalinya Ibu Kota ke Masa PSBB Transisi,NETRAL,Besok Taman Margasatwa Ragunan Dibuka untuk Umum,https://www.beritajakarta.id/read/83770/besok-taman-margasatwa-ragunan-dibuka-untuk-umum#.X4UJvHgzbdc
10/12/2020,Kembalinya Ibu Kota ke Masa PSBB Transisi,NETRAL,Ini 13 Usaha Pariwisata yang Diizinkan Beroperasi di PSBB Transisi,https://www.beritajakarta.id/read/83782/ini-13-usaha-pariwisata-yang-diizinkan-beroperasi-di-psbb-transisi#.X4UJfHgzbdc
10/14/2020,Aksi 1310: Pengamanan dan Akses Transportasi,NETRAL,Operasional MRT Jakarta Ditutup,https://www.beritajakarta.id/read/83817/operasional-mrt-jakarta-ditutup#.X4X-A3gzbUo
10/14/2020,Aksi 1310: Pengamanan dan Akses Transportasi,NETRAL,Tujuh Stasiun MRT Ditutup Sementara,https://www.beritajakarta.id/read/83804/tujuh-stasiun-mrt-ditutup-sementara#.X4X-E3gzbUo
10/14/2020,Aksi 1310: Pengamanan dan Akses Transportasi,NETRAL,Bantu Pengamanan Unjuk Rasa 13 Armada Pemadam Disiagakan,https://www.beritajakarta.id/read/83806/bantu-pengamanan-unjuk-rasa-13-armada-pemadam-disiagakan#.X4X-FXgzbUo
10/14/2020,Aksi 1310: Pengamanan dan Akses Transportasi,NETRAL,Seluruh Layanan Transjakarta Dihentikan Sementara,https://www.beritajakarta.id/read/83799/seluruh-layanan-transjakarta-dihentikan-sementara#.X4X-JngzbUo
10/14/2020,Aksi 1310: Pengamanan dan Akses Transportasi,NETRAL,60 Personel Satpol PP Jakpus Bantu Pengamanan Aksi Unjuk Rasa,https://www.beritajakarta.id/read/83798/60-personel-satpol-pp-jakpus-bantu-pengamanan-aksi-unjuk-rasa#.X4X-KXgzbUo
10/14/2020,Aksi 1310: Pengamanan dan Akses Transportasi,NETRAL,Antisipasi Unjuk Rasa 13 Oktober 2020 Dishub DKI Siapkan Rekayasa Lalu Lintas,https://www.beritajakarta.id/read/83786/antisipasi-unjuk-rasa-13-oktober-2020-dishub-dki-siapkan-rekayasa-lalu-lintas#.X4X-MngzbUo
10/16/2020,Keputusan Pengelola Bioskop Terkait Aturan 25 Persen Kapasitas Maksimal Penonton,NETRAL,Bioskop di Jakarta Diizinkan Beroperasi dengan Protokol Kesehatan,https://www.beritajakarta.id/read/84064/bioskop-di-jakarta-diizinkan-beroperasi-dengan-protokol-kesehatan#.X5BBkEIzbUo
10/19/2020,3 Tahun Anies Memimpin Ibu Kota,NETRAL,Senator Fahira Idris Puji Tiga Tahun Kepemimpinan Anies,https://www.beritajakarta.id/read/84046/senator-fahira-idris-puji-tiga-tahun-kepemimpinan-anies#.X5BCiEIzbUo
10/20/2020,Longsor di Ciganjur Pengembang Perumahan Terancam Sanksi,NETRAL,Bekas Longsoran di Ciganjur Dipasang Cerucuk Kayu,https://www.beritajakarta.id/read/83896/bekas-longsoran-di-ciganjur-dipasang-cerucuk-kayu#.X5BGSEIzbUo
10/20/2020,Paripurna Pengesahan Raperda Covid-19,NETRAL,Raperda COVID-19 Disahkan Pemprov DKI Berkomitmen Pulihkan Kondisi Kesehatan dan Sosial-Ekonomi,https://www.beritajakarta.id/read/83995/raperda-covid-19-disahkan-pemprov-dki-berkomitmen-pulihkan-kondisi-kesehatan-dan-sosial-ekonomi#.X5BDx0IzbUo
10/21/2020,Antisipasi Peningkatan Klaster Libur Panjang,NETRAL,Pemkot Jakut Imbau ASN Tak ke Luar Kota saat Cuti Bersama,https://www.beritajakarta.id/read/84112/pemkot-jakut-imbau-asn-tak-ke-luar-kota-saat-cuti-bersama#.X5IuM1MzbUo
10/22/2020,Bioskop di Jakarta Mulai Beroperasi,NETRAL,Bioskop di Jakarta Diizinkan Beroperasi dengan Protokol Kesehatan,https://www.beritajakarta.id/read/84064/bioskop-di-jakarta-diizinkan-beroperasi-dengan-protokol-kesehatan#.X5BBkEIzbUo
10/22/2020,Bioskop di Jakarta Mulai Beroperasi,NETRAL,Ketua Komisi B Minta Protokol Kesehatan di Bioskop Dipatuhi,https://www.beritajakarta.id/read/84086/ketua-komisi-b-minta-protokol-kesehatan-di-bioskop-dipatuhi#.X5IuOVMzbUo
10/26/2020,PSBB Transisi di Jakarta Diperpanjang,NETRAL,Antisipasi Lonjakan Kasus COVID-19 Pemprov DKI Perpanjang Masa PSBB Transisi,https://www.beritajakarta.id/read/84179/antisipasi-lonjakan-kasus-covid-19-pemprov-dki-perpanjang-masa-psbb-transisi#.X5gCH1Mzbdc
